Emotion,Rating
Upbeat,1012.7038208584077
Chill,1025.0
Melancholic,930.6561656934291
Empowering,1027.387622382796
Romantic,1001.539266719003
