Genre,Rating
Pop,894.7822542150348
Electronic,1003.462994900411
Rock,1046.9352766922414
Blues,975.0
Hip Hop,1022.7183797286942
